Workbook

Sheet Summary
A1: CPUAttentionCPUConvolution RVV Perf Results
A2: Source | B2: /data/xjj/CPUAttentionCPUConvolution/perf_CPUAttentionCPUConvolutionOpt/run_perf_all.sh
A4: Target | B4: Scalar ms | C4: RVV ms | D4: Speedup | E4: Time change | F4: Scalar cycles | G4: RVV cycles | H4: Scalar instructions | I4: RVV instructions
A5: MNNAttentionMaskQK | B5: =RawData!D2 -> 246.30364 | C5: =RawData!D3 -> 203.73892 | D5: =B5/C5 -> 1.208918 | E5: =C5/B5-1 -> -0.17281404 | F5: =RawData!E2 -> 636598256 | G5: =RawData!E3 -> 525835190 | H5: =RawData!F2 -> 1296068154 | I5: =RawData!F3 -> 630728647
A6: MNNAttenPackAndScaleSingleHead | B6: =RawData!D4 -> 2994.0348 | C6: =RawData!D5 -> 2750.0402 | D6: =B6/C6 -> 1.088724 | E6: =C6/B6-1 -> -0.081493575 | F6: =RawData!E4 -> 7771677809 | G6: =RawData!E5 -> 7098843877 | H6: =RawData!F4 -> 3330446417 | I6: =RawData!F5 -> 340572942
A7: MNNFlashAttentionUpdateBlockOutput | B7: =RawData!D6 -> 662.39876 | C7: =RawData!D7 -> 691.1247 | D7: =B7/C7 -> 0.95843594 | E7: =C7/B7-1 -> 0.043366546 | F7: =RawData!E6 -> 1718128939 | G7: =RawData!E7 -> 1793088699 | H7: =RawData!F6 -> 3304054872 | I7: =RawData!F7 -> 2201006989
A8: MNNUnpackConvScaleFromBuffer | B8: =RawData!D8 -> 606.09587 | C8: =RawData!D9 -> 538.77391 | D8: =B8/C8 -> 1.124954 | E8: =C8/B8-1 -> -0.11107476 | F8: =RawData!E8 -> 1563097886 | G8: =RawData!E9 -> 1397814791 | H8: =RawData!F8 -> 527549606 | I8: =RawData!F9 -> 441199527
A9: MNNConvInt8ComputeBiasFloat | B9: =RawData!D10 -> 4843.3955 | C9: =RawData!D11 -> 5258.8842 | D9: =B9/C9 -> 0.92099301 | E9: =C9/B9-1 -> 0.085784575 | F9: =RawData!E10 -> 12581057424 | G9: =RawData!E11 -> 13577147830 | H9: =RawData!F10 -> 10447820352 | I9: =RawData!F11 -> 1464300149
A10: MNNConvInt8ComputeWeightKernelSum | B10: =RawData!D12 -> 830.4185 | C10: =RawData!D13 -> 456.65857 | D10: =B10/C10 -> 1.8184669 | E10: =C10/B10-1 -> -0.45008622 | F10: =RawData!E12 -> 2153034837 | G10: =RawData!E13 -> 1183743075 | H10: =RawData!F12 -> 2470837959 | I10: =RawData!F13 -> 1456547822

Sheet RawData
A1: Target | B1: Mode | C1: Duration ns | D1: Duration ms | E1: Cycles | F1: Instructions | G1: IPC | H1: Cache refs | I1: Cache misses | J1: Cache miss % | K1: Branches | L1: Branch misses | M1: Branch miss % | N1: Elapsed s | O1: User s | P1: Sys s
A2: MNNAttentionMaskQK | B2: Scalar | C2: 246303644 | D2: 246.30364 | E2: 636598256 | F2: 1296068154 | G2: 2.04 | H2: 118710414 | I2: 47808 | J2: 0.0004 | K2: 224294936 | L2: 286836 | M2: 0.0013 | N2: 0.24630364 | O2: 0.245472 | P2: 0
A3: MNNAttentionMaskQK | B3: RVV | C3: 203738917 | D3: 203.73892 | E3: 525835190 | F3: 630728647 | G3: 1.2 | H3: 28334743 | I3: 38847 | J3: 0.0014 | K3: 139597522 | L3: 284502 | M3: 0.002 | N3: 0.20373892 | O3: 0.193731 | P3: 0.009689
A4: MNNAttenPackAndScaleSingleHead | B4: Scalar | C4: 2994034760 | D4: 2994.0348 | E4: 7771677809 | F4: 3330446417 | G4: 0.43 | H4: 595370664 | I4: 89583418 | J4: 0.1505 | K4: 331598135 | L4: 213590 | M4: 0.0006 | N4: 2.9940348 | O4: 2.971423 | P4: 0.010003
A5: MNNAttenPackAndScaleSingleHead | B5: RVV | C5: 2750040165 | D5: 2750.0402 | E5: 7098843877 | F5: 340572942 | G5: 0.05 | H5: 616766101 | I5: 89530851 | J5: 0.1452 | K5: 23996562 | L5: 229856 | M5: 0.0096 | N5: 2.7500402 | O5: 2.693504 | P5: 0.02997
A6: MNNFlashAttentionUpdateBlockOutput | B6: Scalar | C6: 662398756 | D6: 662.39876 | E6: 1718128939 | F6: 3304054872 | G6: 1.92 | H6: 125774370 | I6: 20903775 | J6: 0.1662 | K6: 395863787 | L6: 1085811 | M6: 0.0027 | N6: 0.66239876 | O6: 0.660914 | P6: 0
A7: MNNFlashAttentionUpdateBlockOutput | B7: RVV | C7: 691124702 | D7: 691.1247 | E7: 1793088699 | F7: 2201006989 | G7: 1.23 | H7: 125807341 | I7: 24017719 | J7: 0.1909 | K7: 267034499 | L7: 1618730 | M7: 0.0061 | N7: 0.6911247 | O7: 0.689357 | P7: 0
A8: MNNUnpackConvScaleFromBuffer | B8: Scalar | C8: 606095868 | D8: 606.09587 | E8: 1563097886 | F8: 527549606 | G8: 0.34 | H8: 56800225 | I8: 40087735 | J8: 0.7058 | K8: 41921011 | L8: 966898 | M8: 0.0231 | N8: 0.60609587 | O8: 0.5803 | P8: 0.020375
A9: MNNUnpackConvScaleFromBuffer | B9: RVV | C9: 538773912 | D9: 538.77391 | E9: 1397814791 | F9: 441199527 | G9: 0.32 | H9: 69179937 | I9: 50635650 | J9: 0.7319 | K9: 29288792 | L9: 762395 | M9: 0.026 | N9: 0.53877391 | O9: 0.517174 | P9: 0.020303
A10: MNNConvInt8ComputeBiasFloat | B10: Scalar | C10: 4843395540 | D10: 4843.3955 | E10: 12581057424 | F10: 10447820352 | G10: 0.83 | H10: 838487082 | I10: 400456125 | J10: 0.4776 | K10: 802844979 | L10: 69948 | M10: 0.0001 | N10: 4.8433955 | O10: 4.816015 | P10: 0.009959
A11: MNNConvInt8ComputeBiasFloat | B11: RVV | C11: 5258884170 | D11: 5258.8842 | E11: 13577147830 | F11: 1464300149 | G11: 0.11 | H11: 1177032216 | I11: 400755900 | J11: 0.3405 | K11: 103883229 | L11: 124615 | M11: 0.0012 | N11: 5.2588842 | O11: 5.145532 | P11: 0.058894
A12: MNNConvInt8ComputeWeightKernelSum | B12: Scalar | C12: 830418495 | D12: 830.4185 | E12: 2153034837 | F12: 2470837959 | G12: 1.15 | H12: 81011102 | I12: 21071597 | J12: 0.2601 | K12: 344575837 | L12: 1333618 | M12: 0.0039 | N12: 0.83041849 | O12: 0.817123 | P12: 0.010088
A13: MNNConvInt8ComputeWeightKernelSum | B13: RVV | C13: 456658570 | D13: 456.65857 | E13: 1183743075 | F13: 1456547822 | G13: 1.23 | H13: 82140239 | I13: 21268964 | J13: 0.2589 | K13: 92815785 | L13: 1327038 | M13: 0.0143 | N13: 0.45665857 | O13: 0.455809 | P13: 0
